-- MySQL dump 10.13  Distrib 8.0.27, for Linux (x86_64)
--
-- Host: localhost    Database: Parking
-- ------------------------------------------------------
-- Server version	8.0.27

/*!40101 SET @OLD_CHARACTER_SET_CLIENT=@@CHARACTER_SET_CLIENT */;
/*!40101 SET @OLD_CHARACTER_SET_RESULTS=@@CHARACTER_SET_RESULTS */;
/*!40101 SET @OLD_COLLATION_CONNECTION=@@COLLATION_CONNECTION */;
/*!50503 SET NAMES utf8 */;
/*!40103 SET @OLD_TIME_ZONE=@@TIME_ZONE */;
/*!40103 SET TIME_ZONE='+00:00' */;
/*!40014 SET @OLD_UNIQUE_CHECKS=@@UNIQUE_CHECKS, UNIQUE_CHECKS=0 */;
/*!40014 SET @OLD_FOREIGN_KEY_CHECKS=@@FOREIGN_KEY_CHECKS, FOREIGN_KEY_CHECKS=0 */;
/*!40101 SET @OLD_SQL_MODE=@@SQL_MODE, SQL_MODE='NO_AUTO_VALUE_ON_ZERO' */;
/*!40111 SET @OLD_SQL_NOTES=@@SQL_NOTES, SQL_NOTES=0 */;

--
-- Table structure for table `Clients`
--

DROP TABLE IF EXISTS `Clients`;
/*!40101 SET @saved_cs_client     = @@character_set_client */;
/*!50503 SET character_set_client = utf8mb4 */;
CREATE TABLE `Clients` (
  `id` int unsigned NOT NULL AUTO_INCREMENT,
  `nom` varchar(45) NOT NULL,
  `prenom` varchar(45) NOT NULL,
  `tel` varchar(45) NOT NULL,
  `Motos_id` int unsigned NOT NULL,
  `Motos_Superviseur_id` int unsigned NOT NULL,
  PRIMARY KEY (`id`),
  UNIQUE KEY `id_UNIQUE` (`id`),
  KEY `fk_Clients_Motos1_idx` (`Motos_id`,`Motos_Superviseur_id`),
  CONSTRAINT `fk_Clients_Motos1` FOREIGN KEY (`Motos_id`, `Motos_Superviseur_id`) REFERENCES `Motos` (`id`, `Superviseur_id`)
) ENGINE=InnoDB AUTO_INCREMENT=701 DEFAULT CHARSET=utf8mb4 COLLATE=utf8mb4_0900_ai_ci;
/*!40101 SET character_set_client = @saved_cs_client */;

--
-- Dumping data for table `Clients`
--

LOCK TABLES `Clients` WRITE;
/*!40000 ALTER TABLE `Clients` DISABLE KEYS */;
INSERT INTO `Clients` VALUES (23,'Iris','Espinosa','455-578-2460',113,2),(29,'Early','Casarili','912-200-9260',21,7),(33,'Andrew','Golborne','309-989-3693',357,2),(45,'Stefa','Mowbury','713-807-7910',88,6),(52,'Dionysus','Wornham','269-435-1078',649,1),(65,'Edward','Presley','301-526-5499',20,2),(73,'Thorstein','O\'Currigan','360-330-6790',383,6),(76,'Raddy','Grocott','915-261-4982',33,7),(78,'Ezri','Gurdon','569-322-4290',233,7),(85,'Daryl','Davidoff','269-758-1306',631,5),(93,'Carmelita','Bartoloma','550-703-0002',237,4),(98,'Alistair','Brocklehurst','142-243-7577',170,5),(102,'Calhoun','Huton','951-141-0466',612,3),(103,'Willey','Castiglio','453-914-2263',463,10),(125,'Shaylah','Renton','939-804-5081',547,7),(129,'Moina','Brugden','738-433-7449',699,7),(136,'Charita','Ashton','112-570-2274',302,2),(146,'Jasmina','Oxford','409-696-4997',154,3),(155,'Stanwood','Beaushaw','764-943-9934',359,8),(160,'Bastian','Downey','631-276-1536',315,3),(173,'Bartolemo','MacMillan','105-794-2875',135,7),(178,'Maribeth','Thurbon','855-958-3542',423,10),(182,'Harriette','Alderson','687-957-0413',607,2),(200,'Conant','Jiruch','930-959-8561',500,7),(212,'Estele','Jaumet','197-301-5030',283,5),(215,'Ardys','Lerohan','198-588-8780',340,8),(219,'Althea','Dennison','867-143-4362',73,7),(233,'Ginevra','Turmell','860-902-3140',58,4),(236,'Rahal','Uff','187-488-9275',231,5),(237,'Martelle','Huscroft','680-873-1584',662,9),(256,'Yvor','Shieldon','672-858-0948',77,6),(260,'Georgianna','Dripp','644-215-3739',11,3),(263,'Mac','Spikeings','206-198-8117',382,8),(293,'Patsy','Fleckness','205-248-3685',656,9),(303,'Andris','Vaszoly','413-612-5325',534,2),(324,'Baldwin','Blandford','572-318-3294',13,4),(327,'Melodie','Yakutin','907-209-2326',382,8),(344,'Freddi','Surgener','481-878-4089',577,1),(347,'Shoshanna','Sidsaff','832-316-8129',12,8),(357,'Ennis','Norcutt','938-493-0504',299,10),(366,'Toiboid','Maddern','595-565-3815',2,5),(380,'Gare','Mattiazzi','389-988-6232',690,4),(395,'Merilee','Tuxwell','882-453-3566',540,2),(409,'Miles','Brimley','127-371-8867',594,6),(449,'Barret','Grout','126-208-1742',622,10),(450,'Maribel','Moulden','594-119-9526',413,4),(451,'Magdalena','Harses','219-200-5107',577,1),(455,'Kania','Gatley','699-452-0878',345,2),(456,'Giustina','Wodham','763-693-3543',358,4),(464,'Shadow','Tolley','677-224-4213',73,7),(491,'Ursula','Preshaw','662-787-1742',194,6),(492,'Cassandre','Abramsky','949-503-9250',248,8),(497,'Roberta','Ewen','544-318-7947',592,5),(510,'Daron','Saltmarsh','774-343-3164',56,10),(532,'Billi','Leadston','571-236-5714',356,6),(541,'Arleyne','Kilfeather','164-991-5682',60,4),(551,'Margarethe','Philipart','519-318-1239',603,7),(558,'Caron','Theaker','798-417-1995',400,7),(560,'Augustina','Pauler','689-572-4195',300,6),(561,'Winfred','Elman','942-249-3058',337,7),(567,'Judd','Kemet','655-997-2603',74,5),(601,'Audrey','Lusk','523-183-6406',331,7),(602,'Malcolm','Reilingen','912-901-8189',156,6),(605,'Beverley','Morrill','700-771-3320',10,9),(610,'Keri','Monkley','761-736-1002',126,2),(624,'Ashlee','Mordey','907-699-2131',583,1),(626,'Aryn','Kingsnod','957-981-5734',502,6),(645,'Con','Coppins','177-316-8691',534,2),(655,'Blondy','Donoghue','511-581-0224',516,5),(657,'Walden','Husband','583-312-5699',289,8),(658,'Angelita','Marskell','932-829-4599',172,1),(664,'Egor','McLurg','451-581-0338',154,3),(666,'Eveline','Cudmore','778-651-1333',101,10),(683,'Terrell','Birney','230-894-2835',399,4);
/*!40000 ALTER TABLE `Clients` ENABLE KEYS */;
UNLOCK TABLES;

--
-- Table structure for table `Motos`
--

DROP TABLE IF EXISTS `Motos`;
/*!40101 SET @saved_cs_client     = @@character_set_client */;
/*!50503 SET character_set_client = utf8mb4 */;
CREATE TABLE `Motos` (
  `id` int unsigned NOT NULL AUTO_INCREMENT,
  `marque` varchar(45) NOT NULL,
  `type` varchar(45) NOT NULL,
  `matricule` varchar(45) NOT NULL,
  `heure_arrive` varchar(45) NOT NULL,
  `heure_depart` varchar(45) NOT NULL,
  `Superviseur_id` int unsigned NOT NULL,
  PRIMARY KEY (`id`,`Superviseur_id`),
  UNIQUE KEY `idMotosid_UNIQUE` (`id`),
  KEY `fk_Motos_Superviseur_idx` (`Superviseur_id`),
  CONSTRAINT `fk_Motos_Superviseur` FOREIGN KEY (`Superviseur_id`) REFERENCES `Superviseur` (`id`) ON DELETE CASCADE ON UPDATE CASCADE
) ENGINE=InnoDB AUTO_INCREMENT=701 DEFAULT CHARSET=utf8mb4 COLLATE=utf8mb4_0900_ai_ci;
/*!40101 SET character_set_client = @saved_cs_client */;

--
-- Dumping data for table `Motos`
--

LOCK TABLES `Motos` WRITE;
/*!40000 ALTER TABLE `Motos` DISABLE KEYS */;
INSERT INTO `Motos` VALUES (1,'Pontiac','Soft Flooring and Base','11775472','3:23 PM','3:18 PM',8),(2,'Toyota','Fire Sprinkler System','1915461','6:34 AM','10:08 PM',5),(3,'Audi','Fire Protection','2421865','10:39 PM','2:01 AM',4),(4,'Honda','Rebar & Wire Mesh Install','7624281','12:43 PM','2:14 AM',3),(5,'Ford','Ornamental Railings','9625372','6:01 PM','7:33 PM',2),(6,'Chevrolet','EIFS','8601042','3:09 AM','1:59 AM',9),(7,'Mercury','Hard Tile & Stone','5914546','4:04 PM','7:36 PM',9),(8,'Buick','RF Shielding','9902890','9:40 PM','6:58 AM',4),(9,'Cadillac','RF Shielding','8225347','10:12 AM','5:26 PM',1),(10,'Land Rover','Painting & Vinyl Wall Covering','6547928','7:18 AM','6:13 AM',9),(11,'GMC','Glass & Glazing','11415575','5:52 AM','3:39 AM',3),(12,'Audi','RF Shielding','6074932','5:18 AM','12:27 AM',8),(13,'Kia','Curb & Gutter','13085902','12:18 PM','5:51 PM',4),(14,'Acura','Painting & Vinyl Wall Covering','12122561','7:44 PM','12:18 AM',10),(15,'Chevrolet','Drilled Shafts','8479683','5:21 PM','6:36 AM',10),(16,'BMW','Fire Protection','11925775','7:25 PM','11:14 PM',2),(17,'Lotus','Landscaping & Irrigation','3223630','11:11 PM','7:30 PM',5),(18,'Chevrolet','Retaining Wall and Brick Pavers','3598166','1:08 AM','12:18 AM',3),(19,'Volkswagen','RF Shielding','12241635','6:37 AM','7:34 AM',4),(20,'BMW','Roofing (Asphalt)','3904862','7:44 PM','2:28 PM',2),(21,'Toyota','Sitework & Site Utilities','12383208','9:20 PM','6:58 AM',7),(22,'Ford','Structural & Misc Steel Erection','12700170','8:06 AM','2:55 AM',7),(23,'GMC','Drywall & Acoustical (MOB)','5358342','2:40 PM','2:48 PM',3),(24,'Audi','Elevator','4779345','7:14 PM','10:37 PM',3),(25,'Dodge','Soft Flooring and Base','778421','8:51 PM','9:03 PM',7),(26,'Mercedes-Benz','Marlite Panels (FED)','12876345','9:47 AM','9:06 PM',8),(27,'Pontiac','Drywall & Acoustical (FED)','4365155','2:43 AM','11:03 PM',6),(28,'Ford','Site Furnishings','9334455','12:00 PM','1:52 PM',3),(29,'Saturn','Roofing (Metal)','10630496','11:16 PM','5:53 AM',6),(30,'Pontiac','Glass & Glazing','8791616','12:47 PM','6:53 PM',7),(31,'Buick','Elevator','8664623','4:20 AM','10:41 PM',3),(32,'GMC','Retaining Wall and Brick Pavers','8926302','8:25 AM','2:15 PM',8),(33,'Chevrolet','Construction Clean and Final Clean','12776549','2:47 AM','1:25 AM',7),(34,'BMW','Exterior Signage','12534407','1:46 PM','11:08 AM',9),(35,'Ford','Prefabricated Aluminum Metal Canopies','1933234','7:03 AM','7:17 PM',10),(36,'Buick','Asphalt Paving','11032009','5:18 AM','6:48 AM',6),(37,'Volvo','Electrical and Fire Alarm','4604359','4:16 AM','11:35 AM',5),(38,'Maserati','Electrical','2553058','6:27 AM','6:19 AM',5),(39,'GMC','Epoxy Flooring','4099399','11:44 PM','12:33 AM',9),(40,'Audi','Plumbing & Medical Gas','11115352','1:08 AM','2:33 PM',6),(41,'Mercury','Doors, Frames & Hardware','4079766','12:16 AM','8:16 PM',8),(42,'BMW','RF Shielding','5399049','4:53 PM','10:52 PM',3),(43,'Pontiac','Asphalt Paving','5409474','3:42 AM','6:05 AM',4),(44,'Land Rover','Marlite Panels (FED)','8628613','1:09 PM','5:10 PM',6),(45,'Audi','Soft Flooring and Base','9807269','8:14 PM','3:29 AM',10),(46,'Ford','Retaining Wall and Brick Pavers','3924143','4:30 AM','5:43 AM',6),(47,'Dodge','Structural and Misc Steel (Fabrication)','4608332','6:23 PM','11:45 PM',8),(48,'Ford','Curb & Gutter','669562','9:17 PM','9:42 AM',4),(49,'Chevrolet','Elevator','4626413','5:36 AM','4:47 AM',8),(50,'GMC','Masonry','11205059','8:10 PM','8:58 AM',4),(51,'Infiniti','Fire Protection','12189320','9:15 AM','8:56 AM',3),(52,'Audi','Drywall & Acoustical (FED)','5756164','8:14 AM','8:47 PM',7),(53,'Chevrolet','Drywall & Acoustical (MOB)','4559560','6:01 PM','1:35 AM',2),(54,'Ford','Casework','1463055','8:37 PM','8:54 AM',5),(55,'Lexus','HVAC','10938774','12:49 PM','3:56 AM',4),(56,'Pontiac','EIFS','7172541','8:23 AM','10:03 PM',10),(57,'Ford','Exterior Signage','5534502','9:13 AM','6:29 AM',8),(58,'Buick','Soft Flooring and Base','4344016','11:29 PM','2:32 AM',4),(59,'GMC','Painting & Vinyl Wall Covering','1608485','12:45 AM','4:14 AM',2),(60,'Chevrolet','Construction Clean and Final Clean','12369212','6:53 PM','6:05 PM',4),(61,'Ford','Electrical','9936126','5:53 AM','6:01 PM',2),(62,'Ford','Wall Protection','10874921','4:45 AM','5:28 PM',7),(63,'Nissan','Granite Surfaces','6342999','10:38 AM','12:20 AM',8),(64,'Chevrolet','Electrical','5645023','9:40 AM','8:15 PM',3),(65,'Dodge','Masonry & Precast','10282850','1:38 AM','12:18 AM',2),(66,'Ford','Granite Surfaces','12306942','9:17 AM','5:09 PM',10),(67,'Mercury','Granite Surfaces','2063424','1:09 PM','10:01 PM',6),(68,'GMC','Structural & Misc Steel Erection','2483795','6:22 PM','2:00 PM',5),(69,'Cadillac','Rebar & Wire Mesh Install','2316598','5:59 AM','11:02 PM',10),(70,'Mazda','HVAC','8169279','8:20 AM','10:12 AM',3),(71,'Porsche','Roofing (Metal)','6905766','2:14 PM','9:58 AM',4),(72,'Porsche','Retaining Wall and Brick Pavers','7084792','1:21 AM','1:46 AM',3),(73,'Jeep','Granite Surfaces','57107','8:58 PM','6:49 PM',7),(74,'Dodge','Construction Clean and Final Clean','4039859','7:13 PM','8:24 PM',5),(75,'Lincoln','Site Furnishings','9059084','7:13 PM','12:25 PM',8),(76,'Hummer','Epoxy Flooring','7831844','1:09 PM','2:05 PM',10),(77,'Mazda','Doors, Frames & Hardware','246641','12:24 AM','5:52 AM',6),(78,'Dodge','Drywall & Acoustical (FED)','4689046','5:33 AM','6:24 PM',1),(79,'Audi','Painting & Vinyl Wall Covering','6271972','5:11 AM','3:18 AM',2),(80,'Chevrolet','Granite Surfaces','2296569','2:08 AM','4:35 AM',8),(81,'Audi','Masonry','8530068','9:24 PM','4:02 AM',6),(82,'Buick','Site Furnishings','2072859','3:59 AM','9:24 AM',8),(83,'Toyota','Overhead Doors','6392102','7:02 PM','12:30 AM',7),(84,'GMC','Drywall & Acoustical (FED)','5288680','5:05 PM','9:39 AM',3),(85,'Acura','Landscaping & Irrigation','11788174','4:39 AM','8:03 AM',6),(86,'Lexus','Prefabricated Aluminum Metal Canopies','6287831','10:54 AM','6:09 PM',7),(87,'Maybach','Prefabricated Aluminum Metal Canopies','9273433','12:33 PM','7:49 AM',8),(88,'Subaru','Glass & Glazing','2486799','3:11 AM','8:17 AM',6),(89,'Acura','Termite Control','1774916','11:00 AM','5:48 PM',4),(90,'Audi','Termite Control','8743476','3:29 AM','11:58 AM',9),(91,'Chevrolet','Framing (Steel)','5836591','11:41 AM','3:27 AM',7),(92,'Dodge','Overhead Doors','1021535','8:12 AM','6:32 PM',8),(93,'Hyundai','Sitework & Site Utilities','5886136','3:32 AM','12:58 AM',10),(94,'Chevrolet','RF Shielding','7118209','2:53 PM','8:43 PM',3),(95,'Audi','Roofing (Metal)','3602763','11:57 PM','5:27 PM',6),(96,'Toyota','Drywall & Acoustical (MOB)','1188932','6:06 PM','12:37 PM',2),(97,'Porsche','Roofing (Metal)','11331516','4:52 AM','6:25 PM',9),(98,'Pontiac','Termite Control','12203756','10:44 AM','1:34 AM',9),(99,'Mitsubishi','HVAC','8266673','8:40 AM','12:11 AM',3),(100,'GMC','Marlite Panels (FED)','10026142','6:00 PM','5:19 AM',3),(101,'Dodge','Electrical and Fire Alarm','1335965','12:42 AM','12:51 AM',10),(102,'Suzuki','HVAC','4835524','10:38 AM','2:08 PM',8),(103,'Lamborghini','Overhead Doors','4524036','5:58 AM','10:48 PM',5),(104,'Chevrolet','Masonry','4796708','1:43 PM','2:43 AM',2),(105,'Kia','HVAC','3023851','12:52 PM','8:18 AM',10),(106,'Toyota','Temp Fencing, Decorative Fencing and Gates','11109402','3:37 AM','10:27 PM',8),(107,'Honda','Framing (Wood)','4437883','1:27 PM','10:28 AM',4),(108,'Ford','Masonry & Precast','11540204','9:49 AM','11:21 PM',3),(109,'Mercury','EIFS','7546916','9:37 AM','8:05 AM',2),(110,'Suzuki','Waterproofing & Caulking','6349481','10:00 AM','4:40 PM',1),(111,'Ford','Fire Protection','4145323','9:36 AM','12:04 PM',4),(112,'GMC','Epoxy Flooring','11964861','10:39 PM','4:29 PM',2),(113,'Jaguar','Masonry','12763204','10:28 AM','2:37 AM',2),(114,'Kia','Electrical and Fire Alarm','9660839','3:32 AM','12:17 AM',7),(115,'Dodge','Ornamental Railings','9335363','7:24 PM','6:04 AM',7),(116,'Dodge','Soft Flooring and Base','1506228','6:42 PM','8:58 AM',7),(117,'Smart','Retaining Wall and Brick Pavers','8166807','8:57 AM','5:06 AM',10),(118,'Volkswagen','Curb & Gutter','6546769','10:02 PM','3:44 AM',3),(119,'Kia','Rebar & Wire Mesh Install','6391087','4:13 PM','11:18 PM',2),(120,'Ford','Fire Protection','5137132','4:43 PM','9:28 PM',7),(121,'GMC','Overhead Doors','7570560','12:38 AM','1:25 PM',9),(122,'Mitsubishi','Elevator','2307606','8:57 PM','5:54 AM',8),(123,'Subaru','Framing (Steel)','5793424','2:07 AM','9:31 PM',2),(124,'Mitsubishi','Epoxy Flooring','9002282','2:17 AM','11:42 AM',7),(125,'Mitsubishi','Framing (Wood)','2485157','3:39 PM','11:58 AM',6),(126,'GMC','Masonry & Precast','3446133','8:31 PM','12:12 AM',2),(127,'Ferrari','Landscaping & Irrigation','12173086','6:23 AM','11:56 PM',3),(128,'Toyota','Electrical and Fire Alarm','12158653','1:47 AM','5:25 AM',3),(129,'Acura','Plumbing & Medical Gas','6026707','12:10 PM','9:58 AM',4),(130,'Mazda','Ornamental Railings','8629276','5:16 AM','4:20 PM',3),(131,'Mercedes-Benz','RF Shielding','6597605','4:08 AM','5:04 PM',9),(132,'Mercury','Ornamental Railings','1855262','11:34 PM','8:18 AM',2),(133,'Isuzu','Drilled Shafts','10824222','11:19 AM','5:11 AM',10),(134,'Honda','Structural and Misc Steel (Fabrication)','11825653','7:40 PM','6:27 PM',8),(135,'Mazda','Masonry & Precast','11642846','9:18 PM','8:07 PM',7),(136,'Volkswagen','Drywall & Acoustical (MOB)','4390498','11:57 AM','9:45 PM',3),(137,'Ford','Epoxy Flooring','12167147','10:59 PM','7:39 AM',5),(138,'Mercedes-Benz','Landscaping & Irrigation','2495302','12:36 PM','3:36 AM',9),(139,'Toyota','HVAC','5743425','9:21 AM','6:45 PM',9),(140,'Bentley','Framing (Steel)','11193038','8:23 AM','7:34 PM',1),(141,'Volvo','Roofing (Metal)','3113515','9:15 AM','2:39 AM',4),(142,'Volkswagen','Painting & Vinyl Wall Covering','2487159','1:37 AM','8:16 AM',5),(143,'Dodge','Roofing (Asphalt)','1475252','5:27 AM','1:46 PM',1),(144,'Lotus','Painting & Vinyl Wall Covering','12218889','10:39 PM','10:40 AM',9),(145,'Ford','Construction Clean and Final Clean','12170861','8:21 AM','12:19 AM',10),(146,'Chevrolet','Marlite Panels (FED)','3549925','8:38 PM','1:14 PM',4),(147,'Volkswagen','Framing (Wood)','12660973','11:17 PM','6:17 PM',6),(148,'Nissan','Sitework & Site Utilities','10734301','7:26 PM','10:35 AM',1),(149,'Toyota','Structural & Misc Steel Erection','9143011','4:12 PM','8:36 AM',6),(150,'Subaru','Fire Protection','6462143','4:13 AM','4:00 PM',5),(151,'Hummer','Hard Tile & Stone','3016499','10:56 PM','11:01 PM',1),(152,'Mercury','Waterproofing & Caulking','6208188','6:09 PM','8:50 PM',8),(153,'Buick','Doors, Frames & Hardware','5511078','11:23 AM','1:54 PM',4),(154,'Audi','Exterior Signage','6608729','2:29 PM','3:20 AM',3),(155,'Buick','Structural and Misc Steel (Fabrication)','1749654','12:18 AM','6:47 PM',4),(156,'Mitsubishi','Framing (Steel)','4229507','3:50 AM','7:03 AM',6),(157,'Audi','Curb & Gutter','415582','3:07 PM','3:22 PM',5),(158,'Pontiac','Granite Surfaces','5545690','7:25 PM','7:22 PM',5),(159,'Chrysler','EIFS','5350360','5:52 PM','10:40 PM',9),(160,'Mitsubishi','Site Furnishings','12427066','11:35 PM','3:40 AM',10),(161,'Mercedes-Benz','Masonry & Precast','9809932','4:36 PM','3:15 PM',3),(162,'Land Rover','Waterproofing & Caulking','12250001','9:30 AM','10:35 AM',10),(163,'Nissan','Wall Protection','3034644','5:41 AM','2:47 AM',10),(164,'Mazda','Elevator','4951048','8:25 PM','5:30 PM',10),(165,'Ford','Site Furnishings','11115132','11:15 AM','10:48 AM',5),(166,'Mazda','Glass & Glazing','2833337','8:55 PM','11:48 PM',10),(167,'Nissan','Epoxy Flooring','8227595','8:38 PM','5:23 AM',6),(168,'Toyota','Termite Control','11122816','5:11 AM','12:18 AM',3),(169,'Toyota','Site Furnishings','10747835','12:48 AM','8:47 PM',4),(170,'Chevrolet','Waterproofing & Caulking','10960540','9:31 PM','11:45 PM',5),(171,'Hyundai','Structural & Misc Steel Erection','7361778','11:21 AM','5:47 AM',6),(172,'Volvo','Marlite Panels (FED)','3797096','1:36 PM','2:40 AM',1),(173,'Plymouth','Electrical','1511741','6:51 PM','2:47 PM',6),(174,'Volkswagen','Site Furnishings','5819409','12:40 AM','7:11 AM',3),(175,'Volvo','Termite Control','8621498','2:35 PM','10:04 AM',10),(176,'Audi','Elevator','6107953','1:45 AM','10:50 AM',5),(177,'Suzuki','Soft Flooring and Base','1066674','9:07 AM','7:42 PM',2),(178,'Honda','Structural and Misc Steel (Fabrication)','6172881','8:14 AM','5:52 PM',1),(179,'Pontiac','Framing (Steel)','1021155','5:23 PM','6:47 PM',1),(180,'Oldsmobile','Structural & Misc Steel Erection','2171253','8:35 AM','5:55 PM',7),(181,'Kia','Drywall & Acoustical (FED)','2819195','9:28 PM','6:12 PM',7),(182,'Lexus','Painting & Vinyl Wall Covering','3137167','11:12 AM','3:51 AM',5),(183,'Chevrolet','Framing (Wood)','12602565','7:11 PM','6:07 AM',1),(184,'Chevrolet','Fire Protection','2641720','4:23 AM','6:12 PM',5),(185,'Chevrolet','Masonry','12536711','5:36 AM','10:09 AM',1),(186,'Volkswagen','Rebar & Wire Mesh Install','6252023','5:11 PM','10:11 AM',10),(187,'Cadillac','Fire Sprinkler System','270300','2:34 PM','5:44 AM',4),(188,'Chevrolet','Masonry & Precast','7189860','8:10 AM','5:07 AM',8),(189,'Lincoln','RF Shielding','4973845','7:16 PM','9:11 AM',7),(190,'Dodge','Termite Control','10544990','9:58 AM','10:37 PM',9),(191,'Chevrolet','Glass & Glazing','1033524','7:19 AM','10:50 PM',4),(192,'Subaru','Prefabricated Aluminum Metal Canopies','6617562','8:31 PM','8:53 PM',7),(193,'Geo','Retaining Wall and Brick Pavers','1707330','2:01 PM','7:35 AM',6),(194,'Ford','Electrical','1690810','7:47 PM','5:33 PM',6),(195,'Dodge','Soft Flooring and Base','3696152','7:57 AM','10:58 AM',9),(196,'Volkswagen','Retaining Wall and Brick Pavers','9904235','11:21 AM','4:45 AM',6),(197,'Hyundai','Roofing (Asphalt)','2837839','10:39 PM','8:00 PM',6),(198,'Aston Martin','Fire Protection','8445312','10:08 PM','12:14 PM',10),(199,'Acura','Site Furnishings','7506746','10:45 PM','8:29 PM',9),(200,'Chevrolet','Asphalt Paving','4097737','4:38 AM','7:13 AM',1),(201,'Nissan','Marlite Panels (FED)','2321014','7:22 AM','12:53 PM',2),(202,'Lotus','Construction Clean and Final Clean','10698777','11:33 AM','10:01 AM',4),(203,'Mercury','Plumbing & Medical Gas','6460985','4:28 AM','12:44 PM',3),(204,'Mercedes-Benz','Roofing (Asphalt)','1911352','6:47 AM','5:26 PM',9),(205,'Toyota','Curb & Gutter','7412747','5:58 AM','1:47 AM',2),(206,'Land Rover','Elevator','2276541','1:07 PM','9:05 PM',2),(207,'Mazda','Granite Surfaces','8685228','12:44 PM','9:24 AM',8),(208,'Hyundai','Roofing (Asphalt)','3257770','4:40 AM','1:32 PM',6),(209,'Dodge','Landscaping & Irrigation','5376854','1:44 PM','6:16 PM',8),(210,'Chevrolet','Drilled Shafts','5374526','7:05 AM','4:07 AM',4),(211,'Ford','Electrical and Fire Alarm','4387106','10:08 AM','3:02 PM',8),(212,'Dodge','EIFS','6632685','12:28 AM','5:11 AM',6),(213,'Jaguar','Exterior Signage','3276830','12:17 PM','1:17 AM',5),(214,'Audi','Electrical','4135101','6:44 PM','1:17 PM',9),(215,'Ford','Painting & Vinyl Wall Covering','299500','2:18 AM','12:56 PM',7),(216,'Mercedes-Benz','Framing (Wood)','3904873','6:02 AM','12:03 AM',7),(217,'Jeep','Construction Clean and Final Clean','12523247','11:31 AM','9:17 PM',7),(218,'Pontiac','Fire Sprinkler System','1294890','3:03 PM','2:12 AM',4),(219,'Ford','Electrical and Fire Alarm','9172806','8:52 AM','5:05 AM',5),(220,'Chevrolet','Exterior Signage','10163147','1:55 PM','5:43 PM',2),(221,'Plymouth','Asphalt Paving','6496878','6:09 PM','9:50 PM',6),(222,'Chevrolet','Fire Sprinkler System','10864602','9:00 AM','12:02 AM',2),(223,'Bentley','RF Shielding','10282233','4:15 AM','7:54 AM',1),(224,'Porsche','Termite Control','3420788','3:59 AM','11:46 PM',5),(225,'Honda','Fire Protection','13040841','3:55 AM','1:28 PM',5),(226,'Honda','Drilled Shafts','3395894','8:49 AM','6:32 PM',10),(227,'Maserati','EIFS','911203','10:36 AM','7:41 AM',5),(228,'Bentley','Construction Clean and Final Clean','9263362','12:02 AM','5:18 PM',9),(229,'Lincoln','Marlite Panels (FED)','5280178','4:46 PM','12:55 PM',10),(230,'Dodge','Roofing (Asphalt)','10933457','11:26 AM','5:39 AM',3),(231,'GMC','Masonry','9175160','11:48 AM','7:25 AM',5),(232,'Ford','Roofing (Metal)','790277','8:22 AM','10:52 PM',10),(233,'Toyota','Plumbing & Medical Gas','4581280','8:49 AM','5:13 AM',7),(234,'Jeep','Rebar & Wire Mesh Install','8904301','6:16 AM','10:00 PM',7),(235,'Infiniti','Structural and Misc Steel (Fabrication)','621226','5:09 AM','8:55 AM',6),(236,'Buick','Retaining Wall and Brick Pavers','9684171','6:58 PM','12:09 PM',3),(237,'Oldsmobile','Curb & Gutter','4314030','10:35 PM','10:23 PM',4),(238,'Dodge','Framing (Steel)','5067083','2:43 PM','6:34 AM',2),(239,'Ford','Drilled Shafts','1756282','3:56 AM','4:15 PM',7),(240,'Audi','Asphalt Paving','4933677','7:41 PM','2:43 PM',4),(241,'Kia','Drywall & Acoustical (MOB)','5395811','4:21 PM','11:28 AM',3),(242,'Honda','Temp Fencing, Decorative Fencing and Gates','6253925','2:48 AM','11:35 AM',4),(243,'Cadillac','Masonry & Precast','8540997','12:27 AM','12:28 AM',5),(244,'Dodge','Masonry','6958670','1:17 PM','7:19 PM',2),(245,'Audi','Fire Sprinkler System','8318111','11:03 PM','10:29 AM',3),(246,'Pontiac','Prefabricated Aluminum Metal Canopies','4152083','2:26 PM','12:40 PM',7),(247,'Infiniti','Framing (Steel)','7196225','11:00 PM','9:07 AM',6),(248,'Suzuki','Asphalt Paving','2711724','5:42 AM','9:29 PM',8),(249,'Hyundai','Fire Protection','8818996','11:20 AM','12:40 PM',9),(250,'Pontiac','Drywall & Acoustical (FED)','4898198','8:42 AM','9:54 PM',5),(251,'Oldsmobile','Drywall & Acoustical (MOB)','10025990','11:18 PM','2:15 PM',9),(252,'Volkswagen','Hard Tile & Stone','11833169','7:08 AM','6:27 PM',7),(253,'Hyundai','Exterior Signage','2544497','2:17 PM','6:52 PM',5),(254,'Mazda','Roofing (Asphalt)','1256974','8:57 AM','6:31 AM',2),(255,'Plymouth','RF Shielding','1170406','8:50 AM','6:03 AM',8),(256,'Honda','Electrical and Fire Alarm','56453','8:38 AM','11:17 AM',8),(257,'Ford','Rebar & Wire Mesh Install','849092','10:23 PM','5:35 PM',5),(258,'Ford','Rebar & Wire Mesh Install','12596653','5:24 AM','3:21 PM',2),(259,'Lotus','Marlite Panels (FED)','6142166','6:17 PM','7:21 PM',1),(260,'Ford','Termite Control','7672312','2:06 PM','10:39 PM',5),(261,'Ford','Structural and Misc Steel (Fabrication)','1569443','2:11 PM','8:28 AM',7),(262,'Ford','Landscaping & Irrigation','11623332','9:30 PM','2:13 AM',4),(263,'Mercedes-Benz','Roofing (Asphalt)','2326861','8:28 PM','11:05 PM',5),(264,'Honda','Framing (Wood)','3716980','11:50 AM','5:22 AM',1),(265,'Volkswagen','Glass & Glazing','638583','12:53 AM','6:31 PM',1),(266,'Buick','Asphalt Paving','8720408','11:54 PM','11:58 AM',1),(267,'Dodge','Casework','3891090','2:11 AM','8:14 AM',4),(268,'Citroën','HVAC','13169779','10:55 AM','6:15 AM',10),(269,'Chrysler','Exterior Signage','9483188','5:03 PM','12:35 AM',4),(270,'Chevrolet','Hard Tile & Stone','11530304','12:15 PM','2:31 AM',2),(271,'Mercedes-Benz','Masonry & Precast','510734','2:44 PM','9:35 AM',7),(272,'Honda','Elevator','1619433','11:57 AM','8:18 PM',1),(273,'Mercury','Prefabricated Aluminum Metal Canopies','2620847','1:18 PM','2:53 AM',1),(274,'Dodge','Granite Surfaces','12565402','2:53 PM','8:55 PM',3),(275,'Ford','Painting & Vinyl Wall Covering','4568840','2:15 PM','11:47 AM',6),(276,'Volkswagen','Drywall & Acoustical (FED)','12864269','11:50 AM','8:57 PM',2),(277,'Hyundai','Electrical','4461890','12:40 PM','7:59 AM',9),(278,'BMW','Soft Flooring and Base','10724935','12:51 PM','8:28 PM',5),(279,'Lincoln','Marlite Panels (FED)','5480545','6:42 PM','4:35 PM',7),(280,'Mitsubishi','Plumbing & Medical Gas','11464277','5:21 AM','8:47 AM',10),(281,'Suzuki','Elevator','7104826','11:42 PM','7:25 PM',1),(282,'Mercedes-Benz','Rebar & Wire Mesh Install','833122','1:44 AM','2:37 PM',7),(283,'Pontiac','Sitework & Site Utilities','3629635','1:23 PM','11:25 PM',5),(284,'Kia','Prefabricated Aluminum Metal Canopies','11722452','3:49 PM','2:05 PM',9),(285,'Plymouth','EIFS','7301473','5:22 AM','6:31 AM',6),(286,'BMW','Granite Surfaces','5550604','10:04 AM','5:47 PM',7),(287,'Land Rover','Structural and Misc Steel (Fabrication)','7617583','6:06 AM','7:19 AM',2),(288,'Austin','Framing (Wood)','11415826','7:30 PM','3:58 AM',9),(289,'Honda','Roofing (Asphalt)','292619','12:47 PM','8:52 AM',8),(290,'Chevrolet','Elevator','9177378','11:51 AM','2:56 PM',8),(291,'Hyundai','Casework','3735738','8:28 AM','3:57 AM',4),(292,'Suzuki','Hard Tile & Stone','898635','2:06 AM','7:10 PM',7),(293,'Toyota','Drywall & Acoustical (FED)','9540470','3:17 AM','6:14 PM',7),(294,'Chrysler','Drywall & Acoustical (FED)','4724400','3:30 PM','7:22 PM',4),(295,'Ford','Elevator','1944182','12:59 PM','5:19 AM',1),(296,'Acura','Roofing (Asphalt)','2765395','10:16 AM','3:19 PM',5),(297,'Ford','Electrical','8254624','12:45 AM','5:17 AM',4),(298,'Cadillac','Framing (Wood)','5159805','5:04 PM','10:15 AM',3),(299,'Suzuki','Fire Sprinkler System','3421371','9:32 AM','7:59 AM',10),(300,'Acura','Exterior Signage','8552747','7:26 PM','4:30 AM',6),(301,'Chevrolet','Wall Protection','9456792','7:01 PM','5:56 AM',4),(302,'Plymouth','Roofing (Metal)','4496082','8:33 PM','1:56 PM',2),(303,'Toyota','RF Shielding','12849140','8:58 PM','9:39 PM',4),(304,'Ford','Roofing (Asphalt)','2550940','12:24 PM','2:00 PM',5),(305,'Mercedes-Benz','Prefabricated Aluminum Metal Canopies','11345360','1:55 AM','10:52 AM',7),(306,'Volvo','Plumbing & Medical Gas','5271902','10:33 AM','1:15 AM',10),(307,'Plymouth','Construction Clean and Final Clean','7705450','8:21 PM','7:15 AM',10),(308,'Lexus','Structural and Misc Steel (Fabrication)','382860','3:33 PM','10:34 PM',5),(309,'Pontiac','Curb & Gutter','6935778','1:26 PM','5:10 AM',8),(310,'Nissan','Elevator','5995773','3:50 PM','11:51 PM',5),(311,'Toyota','Epoxy Flooring','5433618','11:51 AM','12:26 AM',4),(312,'Kia','Glass & Glazing','4463617','1:58 AM','9:33 AM',8),(313,'Chevrolet','Soft Flooring and Base','6603582','8:43 PM','5:28 AM',8),(314,'Chevrolet','Marlite Panels (FED)','10379113','5:58 AM','6:53 AM',7),(315,'Audi','Asphalt Paving','10430615','1:12 AM','3:17 PM',3),(316,'Aston Martin','Marlite Panels (FED)','6805605','11:36 PM','1:14 PM',8),(317,'Toyota','Structural & Misc Steel Erection','7116796','3:29 AM','12:52 AM',6),(318,'Maserati','Drywall & Acoustical (FED)','10342798','12:08 AM','3:48 AM',4),(319,'Maserati','Framing (Steel)','5367558','10:06 PM','7:01 PM',6),(320,'Volkswagen','Fire Sprinkler System','337379','11:37 AM','9:16 PM',5),(321,'Pontiac','HVAC','6583756','6:33 AM','3:39 PM',3),(322,'Subaru','Fire Sprinkler System','10197175','9:00 PM','2:38 PM',3),(323,'GMC','Landscaping & Irrigation','9637822','10:31 AM','2:12 PM',2),(324,'Mercury','Exterior Signage','2603034','9:38 AM','10:20 AM',8),(325,'Chevrolet','Curb & Gutter','6530963','12:42 AM','2:30 PM',4),(326,'Mercedes-Benz','Sitework & Site Utilities','5087556','4:32 PM','2:27 PM',1),(327,'GMC','Prefabricated Aluminum Metal Canopies','8056730','11:24 AM','8:33 PM',2),(328,'GMC','Drilled Shafts','6222664','8:17 PM','12:43 PM',8),(329,'Mazda','Prefabricated Aluminum Metal Canopies','8753342','11:22 AM','8:27 AM',1),(330,'Isuzu','Drywall & Acoustical (MOB)','2060036','2:01 AM','5:36 AM',6),(331,'Dodge','Electrical','9331182','9:10 PM','4:33 PM',7),(332,'Chevrolet','Wall Protection','9897113','11:14 PM','6:26 PM',10),(333,'Land Rover','Electrical and Fire Alarm','5636828','7:33 PM','4:30 PM',10),(334,'Volvo','Temp Fencing, Decorative Fencing and Gates','3390182','10:26 AM','2:38 AM',10),(335,'Mercedes-Benz','Elevator','480284','11:13 PM','3:32 PM',1),(336,'Toyota','Framing (Steel)','4238120','1:05 AM','2:13 AM',3),(337,'Mitsubishi','Roofing (Metal)','2915901','12:17 PM','7:41 PM',7),(338,'Ford','Marlite Panels (FED)','12552445','6:54 AM','11:27 AM',4),(339,'Mazda','Asphalt Paving','11198755','7:36 AM','1:42 PM',4),(340,'Chrysler','Fire Protection','6142904','4:48 PM','12:47 AM',8),(341,'Mercedes-Benz','Drywall & Acoustical (MOB)','10909260','5:26 AM','2:52 PM',4),(342,'Chevrolet','Temp Fencing, Decorative Fencing and Gates','12301337','10:07 AM','6:11 PM',10),(343,'Ford','Landscaping & Irrigation','382866','4:19 PM','11:39 AM',3),(344,'GMC','Drywall & Acoustical (FED)','8501879','8:59 PM','8:40 AM',2),(345,'Isuzu','Sitework & Site Utilities','1377739','6:08 PM','4:55 AM',2),(346,'Eagle','Framing (Wood)','10267954','2:40 PM','10:25 AM',2),(347,'Hyundai','Drywall & Acoustical (FED)','12539520','6:44 PM','2:47 AM',7),(348,'Chevrolet','Epoxy Flooring','508317','8:40 PM','3:50 AM',3),(349,'Mitsubishi','Marlite Panels (FED)','3139449','3:14 AM','3:21 PM',6),(350,'Mazda','Landscaping & Irrigation','1805673','9:16 AM','8:14 PM',10),(351,'Pontiac','Waterproofing & Caulking','10748889','11:08 AM','8:43 PM',10),(352,'Ford','Sitework & Site Utilities','1247268','8:38 AM','7:24 AM',4),(353,'Subaru','Ornamental Railings','7250484','4:30 AM','10:39 AM',3),(354,'Dodge','Waterproofing & Caulking','12436045','2:58 AM','4:23 PM',3),(355,'Porsche','Drilled Shafts','7738889','12:28 PM','4:54 PM',4),(356,'Lincoln','Granite Surfaces','6978972','1:12 PM','2:43 AM',6),(357,'Nissan','Masonry','8948406','12:54 AM','3:32 AM',2),(358,'Toyota','EIFS','1312577','9:17 PM','3:39 PM',4),(359,'MINI','Framing (Steel)','224400','4:50 PM','6:46 PM',8),(360,'Dodge','Masonry','12531319','3:37 PM','12:29 AM',10),(361,'Hyundai','Drywall & Acoustical (MOB)','4848829','6:04 AM','7:32 AM',4),(362,'Honda','Curb & Gutter','6618692','12:52 AM','8:44 PM',1),(363,'Ford','EIFS','7207569','9:37 AM','7:34 PM',3),(364,'Mercedes-Benz','Construction Clean and Final Clean','10610092','3:19 PM','1:33 AM',9),(365,'Pontiac','Plumbing & Medical Gas','4133423','10:21 AM','6:22 AM',10),(366,'Mitsubishi','Sitework & Site Utilities','11777570','9:24 PM','5:03 AM',6),(367,'Hyundai','Electrical and Fire Alarm','12859301','12:18 AM','11:14 AM',6),(368,'Ford','Roofing (Asphalt)','9978477','11:35 PM','1:30 AM',6),(369,'Mazda','Site Furnishings','13039762','6:11 PM','11:05 AM',4),(370,'Toyota','Roofing (Asphalt)','12322568','7:41 PM','8:26 PM',4),(371,'Lincoln','Landscaping & Irrigation','4460944','8:25 PM','12:01 PM',1),(372,'Honda','Temp Fencing, Decorative Fencing and Gates','6561128','1:42 PM','9:17 AM',1),(373,'BMW','Masonry & Precast','8085156','3:47 PM','1:45 PM',7),(374,'Subaru','Waterproofing & Caulking','11045572','9:05 PM','11:09 AM',6),(375,'Dodge','Rebar & Wire Mesh Install','3890822','3:17 AM','6:08 PM',1),(376,'Dodge','EIFS','9183880','5:52 PM','8:28 PM',10),(377,'Mazda','Masonry & Precast','1886055','2:54 PM','10:53 AM',9),(378,'Chevrolet','EIFS','12538226','11:11 PM','12:36 AM',6),(379,'Bentley','Roofing (Metal)','12921010','4:31 AM','11:08 PM',9),(380,'BMW','Fire Sprinkler System','12905096','11:30 AM','11:19 AM',7),(381,'Lamborghini','Painting & Vinyl Wall Covering','9272696','12:37 PM','2:03 AM',1),(382,'Toyota','Termite Control','11265845','5:17 PM','4:52 PM',8),(383,'Chevrolet','Framing (Steel)','4974757','10:43 AM','9:43 AM',6),(384,'Jaguar','Hard Tile & Stone','7854972','11:31 PM','6:13 PM',3),(385,'Acura','Drywall & Acoustical (MOB)','5827978','12:44 PM','5:11 AM',9),(386,'BMW','Doors, Frames & Hardware','1777172','4:09 PM','3:03 AM',3),(387,'Infiniti','Drywall & Acoustical (FED)','5574572','11:50 PM','5:13 AM',1),(388,'Kia','Fire Protection','10553292','7:58 AM','2:24 PM',8),(389,'BMW','Roofing (Metal)','435191','5:52 PM','5:10 PM',9),(390,'Mazda','Plumbing & Medical Gas','8032232','10:57 AM','3:14 PM',8),(391,'Mitsubishi','Termite Control','622553','2:05 PM','5:58 PM',5),(392,'Mazda','Drywall & Acoustical (FED)','1531016','11:13 AM','7:45 PM',8),(393,'Porsche','Elevator','2303685','4:45 PM','11:46 AM',10),(394,'Ford','Doors, Frames & Hardware','11717738','4:35 PM','5:59 PM',2),(395,'Honda','Doors, Frames & Hardware','5515404','3:10 AM','1:55 AM',4),(396,'Oldsmobile','Waterproofing & Caulking','4056947','9:31 AM','1:01 AM',8),(397,'Porsche','Landscaping & Irrigation','11472710','3:20 PM','2:11 PM',6),(398,'Chevrolet','Drilled Shafts','12803803','5:00 PM','7:35 PM',10),(399,'Pontiac','Framing (Steel)','2355370','6:07 PM','12:46 AM',4),(400,'Lexus','Masonry & Precast','6074116','7:40 AM','6:26 AM',7),(401,'Suzuki','Roofing (Asphalt)','11268997','7:31 PM','12:15 PM',3),(402,'Honda','Exterior Signage','2875343','2:49 PM','7:07 AM',10),(403,'Toyota','Asphalt Paving','4200818','7:06 AM','5:17 AM',2),(404,'Nissan','Elevator','7524694','9:29 AM','12:34 PM',7),(405,'Mitsubishi','Masonry & Precast','7621936','9:16 AM','5:45 AM',10),(406,'Ford','Epoxy Flooring','507650','12:58 AM','7:23 PM',8),(407,'Ford','Drilled Shafts','2705757','11:54 PM','6:28 AM',8),(408,'Chrysler','Granite Surfaces','8639457','9:49 PM','8:51 PM',7),(409,'Pontiac','Soft Flooring and Base','7220940','7:55 PM','6:36 PM',4),(410,'Austin','Temp Fencing, Decorative Fencing and Gates','10808471','12:50 PM','1:55 AM',2),(411,'Dodge','Electrical','1273225','9:15 PM','6:08 PM',3),(412,'Honda','Site Furnishings','10929010','6:03 PM','7:46 AM',5),(413,'Plymouth','Drywall & Acoustical (FED)','1889943','11:16 PM','9:03 PM',4),(414,'Studebaker','Epoxy Flooring','11911034','11:37 AM','6:12 PM',2),(415,'Mitsubishi','Structural and Misc Steel (Fabrication)','2131851','8:00 PM','12:24 PM',6),(416,'Ford','Curb & Gutter','10865181','10:52 AM','3:46 PM',9),(417,'Aston Martin','Painting & Vinyl Wall Covering','11629151','2:33 PM','1:30 PM',9),(418,'Nissan','Termite Control','5917946','2:32 AM','3:18 PM',4),(419,'Mercedes-Benz','Fire Sprinkler System','10223842','7:39 AM','3:24 AM',4),(420,'Jeep','Roofing (Asphalt)','7752884','10:42 PM','12:17 PM',5),(421,'Chevrolet','RF Shielding','11322028','3:55 AM','5:19 AM',5),(422,'Dodge','Fire Sprinkler System','10923508','9:17 AM','7:19 AM',5),(423,'GMC','Site Furnishings','5874798','11:17 PM','6:29 AM',10),(424,'Lincoln','Electrical and Fire Alarm','1735309','1:26 AM','11:24 AM',1),(425,'Mazda','HVAC','5178587','3:42 AM','1:30 PM',2),(426,'Lincoln','Roofing (Metal)','8795252','7:22 PM','10:01 PM',7),(427,'Toyota','Curb & Gutter','5253433','3:25 PM','11:34 PM',1),(428,'Toyota','Waterproofing & Caulking','10332913','12:46 AM','11:08 PM',5),(429,'Lincoln','HVAC','4956860','5:10 AM','8:45 AM',3),(430,'Oldsmobile','Landscaping & Irrigation','5452900','11:47 AM','4:05 AM',10),(431,'Jaguar','Exterior Signage','6734000','8:37 PM','3:50 AM',8),(432,'Lincoln','EIFS','4873650','4:28 PM','12:32 AM',6),(433,'Mercury','Masonry & Precast','4579849','6:03 PM','2:07 AM',9),(434,'Mercedes-Benz','Retaining Wall and Brick Pavers','4569744','7:40 AM','6:13 AM',4),(435,'Land Rover','Prefabricated Aluminum Metal Canopies','2800245','5:31 PM','4:58 AM',3),(436,'Toyota','Landscaping & Irrigation','9744834','6:19 PM','8:10 AM',9),(437,'Toyota','Soft Flooring and Base','152955','10:13 PM','11:59 AM',7),(438,'GMC','Masonry & Precast','9658973','7:05 PM','6:29 AM',6),(439,'Dodge','Temp Fencing, Decorative Fencing and Gates','2913198','5:40 AM','2:02 AM',3),(440,'Honda','Drywall & Acoustical (MOB)','2686630','10:22 PM','12:11 PM',6),(441,'Nissan','Prefabricated Aluminum Metal Canopies','7349686','12:38 AM','10:54 PM',4),(442,'Tesla','Elevator','10786467','1:47 PM','6:12 PM',6),(443,'Toyota','Fire Protection','1846103','4:23 PM','6:45 AM',6),(444,'Isuzu','Structural & Misc Steel Erection','13164185','10:53 PM','12:26 AM',2),(445,'Chevrolet','Granite Surfaces','10935671','5:02 AM','7:07 PM',7),(446,'Oldsmobile','Termite Control','11087493','9:48 PM','5:41 AM',5),(447,'Volkswagen','Retaining Wall and Brick Pavers','10540452','12:07 AM','2:02 PM',1),(448,'Toyota','Fire Sprinkler System','5598135','9:15 PM','1:54 PM',9),(449,'Toyota','Fire Sprinkler System','880143','2:47 PM','3:09 AM',10),(450,'MINI','Drywall & Acoustical (MOB)','11374951','8:07 AM','5:28 PM',1),(451,'Ford','Framing (Wood)','9481939','12:44 PM','10:30 AM',2),(452,'Dodge','Fire Protection','6263345','11:48 AM','1:22 PM',8),(453,'Shelby','Sitework & Site Utilities','8114074','3:58 PM','6:46 PM',5),(454,'Mitsubishi','Plumbing & Medical Gas','12815228','10:03 PM','4:31 AM',8),(455,'Mercury','Painting & Vinyl Wall Covering','6566547','9:32 PM','3:11 AM',8),(456,'Honda','Asphalt Paving','8456530','11:20 AM','11:53 PM',10),(457,'Toyota','Construction Clean and Final Clean','10409157','8:55 AM','6:17 AM',3),(458,'Lexus','Roofing (Metal)','7880268','11:19 PM','2:53 PM',10),(459,'Volvo','Structural & Misc Steel Erection','11070589','9:33 AM','11:13 PM',6),(460,'Chrysler','Fire Protection','7679331','2:06 AM','12:34 PM',9),(461,'Dodge','Marlite Panels (FED)','3947898','3:07 PM','8:25 PM',7),(462,'Chevrolet','Hard Tile & Stone','11878364','1:05 PM','4:03 AM',9),(463,'Oldsmobile','Epoxy Flooring','2318646','2:57 PM','3:16 PM',10),(464,'Cadillac','Drywall & Acoustical (FED)','6436465','3:24 AM','12:16 AM',3),(465,'Chevrolet','Construction Clean and Final Clean','9946684','3:31 AM','7:46 AM',9),(466,'Volvo','Wall Protection','11192993','2:42 AM','3:01 PM',1),(467,'Saturn','Electrical','4173140','2:50 AM','7:16 AM',8),(468,'Honda','Plumbing & Medical Gas','6463332','7:22 AM','5:05 AM',8),(469,'Mitsubishi','Construction Clean and Final Clean','1620073','7:36 PM','8:40 PM',2),(470,'Lotus','Wall Protection','4421895','2:48 AM','11:11 PM',10),(471,'Chevrolet','Masonry','7039183','9:11 AM','7:01 PM',6),(472,'Chevrolet','Fire Sprinkler System','9117184','12:57 PM','5:07 AM',6),(473,'Toyota','Soft Flooring and Base','5252184','4:10 PM','10:19 PM',2),(474,'Lotus','Hard Tile & Stone','9548824','12:15 AM','9:14 PM',2),(475,'Chrysler','Prefabricated Aluminum Metal Canopies','8698868','10:53 PM','5:22 AM',6),(476,'Buick','Construction Clean and Final Clean','12393152','9:14 AM','1:30 PM',6),(477,'Chevrolet','Roofing (Asphalt)','172373','10:52 AM','9:59 PM',6),(478,'Mazda','Epoxy Flooring','13037518','10:38 AM','1:50 AM',4),(479,'Volkswagen','Waterproofing & Caulking','5590040','11:05 AM','8:02 PM',2),(480,'Chevrolet','Epoxy Flooring','1724647','9:38 AM','12:08 AM',5),(481,'Eagle','Electrical','8577093','3:55 AM','11:30 AM',2),(482,'Volkswagen','Painting & Vinyl Wall Covering','9832283','7:52 AM','2:57 AM',6),(483,'Mazda','Marlite Panels (FED)','111129','2:35 AM','1:10 PM',5),(484,'Dodge','Masonry','5515227','9:23 PM','11:05 PM',7),(485,'Land Rover','Masonry','2772624','7:32 PM','9:53 AM',4),(486,'BMW','Framing (Wood)','10749372','8:26 PM','3:02 PM',3),(487,'Ford','Temp Fencing, Decorative Fencing and Gates','7984084','9:18 PM','5:46 AM',4),(488,'Lincoln','Masonry','9175017','10:35 PM','9:26 AM',4),(489,'Cadillac','Asphalt Paving','13158193','2:39 AM','5:03 PM',1),(490,'Toyota','Glass & Glazing','3945265','9:40 PM','1:45 AM',6),(491,'Ford','Ornamental Railings','7117510','9:22 PM','12:12 PM',10),(492,'Audi','RF Shielding','4461072','6:43 PM','4:27 AM',9),(493,'Hyundai','Painting & Vinyl Wall Covering','12547602','6:25 AM','6:16 PM',5),(494,'GMC','Termite Control','6282629','8:57 PM','7:27 PM',10),(495,'Jaguar','Roofing (Asphalt)','12259640','4:06 AM','4:23 AM',8),(496,'Suzuki','Roofing (Metal)','7219092','5:16 AM','3:06 AM',4),(497,'Acura','Casework','9382828','1:51 AM','2:16 AM',2),(498,'Jaguar','Construction Clean and Final Clean','10815090','11:32 AM','2:48 PM',2),(499,'Mitsubishi','Painting & Vinyl Wall Covering','4689834','1:30 PM','11:21 PM',6),(500,'Audi','Sitework & Site Utilities','4645628','10:07 PM','7:36 PM',7),(501,'BMW','Site Furnishings','11903437','11:31 PM','10:26 AM',4),(502,'Ferrari','Granite Surfaces','5180116','11:43 AM','2:15 PM',6),(503,'GMC','Wall Protection','3158974','6:07 PM','11:06 PM',9),(504,'Ford','Wall Protection','9497946','8:03 AM','5:35 AM',9),(505,'Dodge','Masonry','3976501','1:40 PM','4:00 PM',6),(506,'Chevrolet','Electrical','4471106','2:03 PM','4:07 PM',1),(507,'Mercedes-Benz','Wall Protection','9275200','7:54 PM','8:12 AM',8),(508,'Ford','Electrical and Fire Alarm','9604658','4:48 AM','8:09 PM',3),(509,'Ford','Framing (Wood)','4992712','12:23 PM','1:40 PM',4),(510,'GMC','HVAC','9303089','3:28 AM','11:23 PM',10),(511,'Infiniti','Drywall & Acoustical (MOB)','4604997','12:18 PM','12:16 PM',9),(512,'Subaru','Fire Sprinkler System','7173958','4:40 AM','2:12 PM',9),(513,'Lotus','Electrical and Fire Alarm','3603265','4:28 PM','6:51 PM',3),(514,'Ford','Termite Control','10425233','12:07 PM','8:55 AM',3),(515,'BMW','Prefabricated Aluminum Metal Canopies','9663424','2:50 PM','10:26 PM',7),(516,'Buick','Structural & Misc Steel Erection','3874166','10:57 PM','6:26 PM',5),(517,'Kia','Framing (Steel)','11411404','9:47 AM','10:53 PM',4),(518,'Lexus','Waterproofing & Caulking','304644','5:13 PM','2:36 AM',9),(519,'Kia','Curb & Gutter','9465609','8:09 PM','4:13 AM',9),(520,'Toyota','Construction Clean and Final Clean','1318776','2:40 PM','11:45 PM',10),(521,'Ford','Epoxy Flooring','255788','6:43 PM','8:53 AM',1),(522,'Saturn','Exterior Signage','4123117','11:11 PM','11:38 AM',7),(523,'Ford','Electrical','9320706','10:30 AM','3:10 AM',7),(524,'Scion','RF Shielding','8373627','11:12 AM','3:36 AM',1),(525,'Toyota','Epoxy Flooring','13153527','12:56 PM','5:52 PM',3),(526,'Plymouth','Drywall & Acoustical (MOB)','6146665','1:28 AM','4:54 AM',7),(527,'Dodge','Overhead Doors','9680680','12:23 PM','12:31 PM',2),(528,'BMW','Elevator','6492045','6:26 PM','3:20 PM',5),(529,'Lamborghini','Masonry','9971873','12:47 AM','9:33 AM',1),(530,'Oldsmobile','Ornamental Railings','7336574','5:09 PM','9:07 PM',8),(531,'Ford','Roofing (Asphalt)','5515881','6:40 PM','2:15 AM',1),(532,'Ford','Structural and Misc Steel (Fabrication)','6887202','7:28 PM','3:41 AM',5),(533,'Chrysler','Framing (Wood)','10822947','4:32 AM','10:09 AM',5),(534,'Pontiac','Electrical','416181','3:48 AM','7:58 PM',2),(535,'Chevrolet','Roofing (Metal)','1571894','9:01 PM','6:53 AM',5),(536,'Ferrari','Masonry','2034228','5:51 PM','8:22 AM',3),(537,'Ford','Retaining Wall and Brick Pavers','4151370','7:08 PM','6:53 PM',9),(538,'Pontiac','Granite Surfaces','7133246','2:32 AM','10:22 AM',6),(539,'Mercedes-Benz','Roofing (Asphalt)','6440779','2:46 AM','1:20 AM',5),(540,'Chrysler','Masonry','5302244','2:16 PM','1:57 AM',2),(541,'Honda','Structural & Misc Steel Erection','85893','9:37 AM','10:59 AM',2),(542,'Volvo','Landscaping & Irrigation','3378826','11:43 AM','5:03 PM',1),(543,'GMC','Retaining Wall and Brick Pavers','7814660','5:01 PM','4:53 AM',7),(544,'Buick','Marlite Panels (FED)','1973329','4:31 AM','4:15 PM',4),(545,'Honda','Electrical and Fire Alarm','11980490','9:27 AM','8:15 PM',7),(546,'Hyundai','Fire Sprinkler System','7694416','10:23 PM','7:26 PM',3),(547,'Mazda','Roofing (Asphalt)','21125','12:59 AM','9:09 PM',7),(548,'Kia','Roofing (Metal)','12373040','2:16 AM','12:24 PM',6),(549,'Buick','Painting & Vinyl Wall Covering','2743420','4:21 AM','4:09 AM',1),(550,'Chevrolet','Doors, Frames & Hardware','2610735','3:00 AM','9:58 AM',6),(551,'Mercury','Termite Control','10926566','12:19 PM','9:40 PM',6),(552,'Mercedes-Benz','Sitework & Site Utilities','11006581','12:00 PM','1:19 AM',9),(553,'Ford','Drywall & Acoustical (MOB)','908133','4:10 AM','12:27 PM',9),(554,'Dodge','Marlite Panels (FED)','12776383','2:09 AM','10:15 AM',4),(555,'Honda','Electrical','786937','10:53 PM','5:20 AM',7),(556,'Toyota','Structural & Misc Steel Erection','6219874','5:54 PM','9:33 AM',6),(557,'GMC','Exterior Signage','11588296','9:35 AM','4:20 PM',10),(558,'Dodge','RF Shielding','11122921','10:54 AM','2:51 AM',7),(559,'Tesla','Elevator','8997376','2:38 AM','2:47 PM',1),(560,'Isuzu','HVAC','6682378','4:57 PM','3:17 PM',5),(561,'Infiniti','Hard Tile & Stone','3261840','9:38 PM','10:12 AM',4),(562,'Toyota','Hard Tile & Stone','7894484','8:58 AM','11:33 AM',8),(563,'Ford','Termite Control','7987869','8:30 PM','1:15 AM',5),(564,'Chevrolet','Drywall & Acoustical (FED)','9471114','2:55 AM','12:28 PM',5),(565,'Subaru','Framing (Steel)','9981448','2:55 AM','8:43 AM',9),(566,'Honda','Casework','11505988','7:48 AM','10:38 AM',9),(567,'Mitsubishi','Glass & Glazing','1019973','4:07 AM','10:55 AM',7),(568,'Volkswagen','Epoxy Flooring','7468009','12:55 PM','7:40 AM',8),(569,'Dodge','Masonry','369064','11:53 AM','4:57 AM',6),(570,'Mitsubishi','Sitework & Site Utilities','9893866','12:09 AM','7:38 PM',8),(571,'Hyundai','Casework','11923289','11:50 PM','12:07 AM',10),(572,'Chrysler','Hard Tile & Stone','9351617','2:24 AM','5:00 AM',10),(573,'Subaru','Glass & Glazing','6728989','10:59 PM','3:36 PM',9),(574,'Infiniti','Electrical and Fire Alarm','13245414','11:28 PM','6:01 PM',2),(575,'Aston Martin','Masonry & Precast','12351388','7:33 PM','8:13 AM',10),(576,'Chevrolet','RF Shielding','11702556','12:04 AM','2:50 PM',10),(577,'Lincoln','Roofing (Metal)','4773563','8:33 PM','7:50 AM',1),(578,'Honda','Glass & Glazing','4842740','12:55 AM','5:23 AM',8),(579,'Nissan','Waterproofing & Caulking','12690526','2:31 PM','9:24 AM',4),(580,'Pontiac','Ornamental Railings','6642654','6:27 PM','9:24 AM',9),(581,'Jaguar','Fire Sprinkler System','5644436','7:05 PM','9:51 AM',9),(582,'Audi','Construction Clean and Final Clean','2967647','9:41 AM','11:43 AM',3),(583,'Dodge','Exterior Signage','9406939','10:21 AM','11:57 AM',1),(584,'Chevrolet','Fire Protection','7145641','3:50 PM','9:10 PM',5),(585,'Ford','Fire Sprinkler System','10734367','5:42 PM','7:58 PM',10),(586,'Chevrolet','Ornamental Railings','11125469','6:46 PM','12:54 PM',1),(587,'Subaru','Sitework & Site Utilities','9522073','9:31 AM','11:02 PM',1),(588,'Honda','Asphalt Paving','11885627','6:17 AM','8:13 PM',8),(589,'Suzuki','RF Shielding','10700154','12:15 PM','7:06 PM',1),(590,'Chrysler','Electrical','12964945','1:18 AM','3:36 AM',6),(591,'Pontiac','Marlite Panels (FED)','4521580','11:50 AM','3:58 AM',1),(592,'GMC','Landscaping & Irrigation','2751194','11:10 PM','2:20 PM',5),(593,'Chevrolet','Structural & Misc Steel Erection','2546553','11:53 PM','11:01 PM',6),(594,'Isuzu','Masonry','10315770','2:58 PM','3:07 PM',6),(595,'Suzuki','Prefabricated Aluminum Metal Canopies','9295841','11:38 PM','8:59 PM',4),(596,'Mitsubishi','Drywall & Acoustical (FED)','1657967','5:25 PM','1:30 AM',5),(597,'Chevrolet','Structural and Misc Steel (Fabrication)','2562692','8:43 AM','12:47 AM',3),(598,'Toyota','Hard Tile & Stone','10338777','5:48 PM','6:08 AM',3),(599,'Chevrolet','Doors, Frames & Hardware','12390031','8:55 AM','5:36 PM',4),(600,'GMC','Fire Sprinkler System','10748032','1:22 AM','3:12 AM',7),(601,'Scion','Construction Clean and Final Clean','1997819','7:37 AM','9:04 PM',1),(602,'Chevrolet','Waterproofing & Caulking','8223473','10:58 PM','6:05 PM',7),(603,'Chevrolet','Wall Protection','6257777','5:17 AM','12:36 AM',7),(604,'Jaguar','Structural and Misc Steel (Fabrication)','1060907','12:36 AM','11:51 PM',6),(605,'Ford','Granite Surfaces','7912921','6:00 PM','3:07 PM',5),(606,'Audi','Masonry','7366285','8:03 PM','8:33 AM',8),(607,'Ford','Framing (Wood)','7918733','9:51 AM','7:05 AM',2),(608,'Volvo','Retaining Wall and Brick Pavers','190899','10:00 AM','5:19 AM',4),(609,'Infiniti','Site Furnishings','9257500','5:34 AM','6:56 PM',8),(610,'Honda','Fire Protection','3474973','7:01 PM','2:50 AM',8),(611,'Infiniti','RF Shielding','7910515','2:58 AM','3:39 AM',6),(612,'Mazda','Plumbing & Medical Gas','12706302','11:46 PM','8:59 AM',3),(613,'Land Rover','HVAC','1917462','2:19 AM','11:31 PM',5),(614,'Dodge','Drywall & Acoustical (FED)','5601191','11:27 AM','7:38 PM',10),(615,'Chevrolet','Roofing (Asphalt)','11669882','6:35 PM','9:19 AM',4),(616,'Isuzu','Termite Control','11317409','5:00 AM','12:12 PM',10),(617,'Ford','Overhead Doors','8258513','12:24 AM','10:36 PM',1),(618,'Mercury','Fire Protection','4531111','2:38 PM','6:15 PM',6),(619,'Chevrolet','Epoxy Flooring','7204086','4:38 PM','1:03 PM',6),(620,'Mazda','Roofing (Asphalt)','2132968','5:32 PM','1:03 PM',10),(621,'Lexus','Waterproofing & Caulking','7465540','6:22 AM','5:26 AM',6),(622,'Buick','Waterproofing & Caulking','2655985','10:01 AM','7:55 AM',10),(623,'Chevrolet','Fire Sprinkler System','1430272','7:07 AM','10:09 AM',6),(624,'Ford','EIFS','2650557','9:25 AM','6:13 PM',7),(625,'Ford','Sitework & Site Utilities','3391947','11:18 AM','2:13 PM',3),(626,'Ford','EIFS','12357831','6:23 AM','8:05 AM',3),(627,'Lexus','Epoxy Flooring','13022617','1:21 AM','2:45 PM',1),(628,'Mercedes-Benz','Roofing (Asphalt)','275523','4:46 PM','4:54 AM',9),(629,'Chevrolet','Retaining Wall and Brick Pavers','5420847','1:06 AM','10:48 PM',2),(630,'Nissan','Masonry','4361582','9:54 AM','10:30 PM',2),(631,'Buick','Doors, Frames & Hardware','102425','9:06 PM','1:15 PM',5),(632,'Toyota','Sitework & Site Utilities','8885962','9:43 PM','5:15 PM',1),(633,'Mitsubishi','Curb & Gutter','6617268','5:32 AM','7:57 PM',2),(634,'Infiniti','Masonry','231779','7:09 AM','3:51 AM',8),(635,'GMC','Fire Sprinkler System','6930396','9:42 PM','9:42 PM',1),(636,'Dodge','Masonry & Precast','10223220','8:59 PM','11:03 PM',7),(637,'Maserati','HVAC','3938217','9:49 AM','11:17 AM',8),(638,'Lotus','Site Furnishings','13151456','7:23 PM','5:00 PM',8),(639,'GMC','Retaining Wall and Brick Pavers','6390717','3:53 PM','6:12 AM',6),(640,'Isuzu','Drywall & Acoustical (MOB)','5618694','7:31 PM','11:11 PM',8),(641,'Dodge','Rebar & Wire Mesh Install','1962707','1:07 AM','11:24 PM',2),(642,'Buick','Wall Protection','7143984','1:35 AM','7:43 PM',2),(643,'Maserati','Fire Sprinkler System','9959621','7:15 AM','6:28 AM',7),(644,'Chevrolet','Wall Protection','11047041','3:19 AM','6:04 PM',10),(645,'Ford','Drywall & Acoustical (FED)','4983554','12:39 PM','3:53 PM',7),(646,'Eagle','Drywall & Acoustical (FED)','7675675','7:54 AM','3:19 PM',5),(647,'Acura','Waterproofing & Caulking','4343484','4:14 PM','6:02 PM',5),(648,'GMC','Fire Sprinkler System','836728','6:04 PM','6:22 AM',7),(649,'Mitsubishi','Waterproofing & Caulking','12265748','5:27 AM','10:41 AM',1),(650,'Oldsmobile','Roofing (Metal)','13080319','2:46 AM','10:51 PM',7),(651,'GMC','Glass & Glazing','13078796','1:25 PM','11:04 AM',9),(652,'Honda','Masonry & Precast','9804816','5:35 AM','7:44 AM',5),(653,'Buick','HVAC','12133166','4:59 AM','9:42 AM',8),(654,'Mercedes-Benz','Ornamental Railings','4605244','4:53 PM','8:22 PM',10),(655,'Toyota','Masonry','9138945','11:20 PM','3:07 AM',9),(656,'Mitsubishi','Overhead Doors','8677040','1:31 AM','8:17 PM',9),(657,'GMC','Elevator','6890384','7:52 AM','1:42 PM',8),(658,'Suzuki','Granite Surfaces','8888884','5:44 AM','11:42 PM',9),(659,'Mitsubishi','Wall Protection','8101656','11:45 AM','3:48 AM',10),(660,'Kia','Roofing (Metal)','11929131','5:12 AM','12:28 PM',10),(661,'Chevrolet','HVAC','11283496','9:17 PM','11:44 AM',7),(662,'Ford','Structural & Misc Steel Erection','6117183','4:03 PM','2:40 AM',9),(663,'Chevrolet','Fire Protection','7947833','10:29 PM','1:19 AM',7),(664,'Ford','Drilled Shafts','10203662','8:35 AM','12:12 PM',2),(665,'Toyota','Plumbing & Medical Gas','2591104','11:53 AM','6:50 AM',9),(666,'Nissan','Casework','3026817','1:30 PM','4:46 AM',5),(667,'Mitsubishi','HVAC','11825619','7:53 PM','3:43 PM',6),(668,'Toyota','Plumbing & Medical Gas','8366344','4:37 AM','7:27 AM',9),(669,'Dodge','HVAC','10449746','8:38 AM','10:03 AM',7),(670,'Hyundai','Temp Fencing, Decorative Fencing and Gates','1488562','9:08 AM','9:10 AM',8),(671,'Jeep','Waterproofing & Caulking','2973342','3:56 PM','8:43 AM',2),(672,'Cadillac','Framing (Wood)','10808085','6:39 PM','2:27 PM',2),(673,'Chevrolet','Temp Fencing, Decorative Fencing and Gates','815204','3:37 AM','5:03 AM',2),(674,'Mercedes-Benz','Retaining Wall and Brick Pavers','11274416','2:52 PM','2:20 PM',6),(675,'Kia','Fire Sprinkler System','8402434','10:34 AM','10:59 AM',2),(676,'Mercedes-Benz','RF Shielding','3141243','9:19 PM','5:28 PM',1),(677,'Ram','EIFS','5190667','5:49 PM','6:38 PM',5),(678,'Mitsubishi','Granite Surfaces','1956756','10:32 AM','5:01 AM',4),(679,'Infiniti','Waterproofing & Caulking','1968921','9:16 PM','7:14 AM',9),(680,'Acura','Doors, Frames & Hardware','2481346','12:42 PM','10:36 AM',4),(681,'Nissan','HVAC','7683444','3:09 AM','11:15 PM',5),(682,'Mercury','RF Shielding','4231607','9:52 PM','1:19 PM',2),(683,'GMC','Asphalt Paving','7419228','9:08 PM','1:40 AM',8),(684,'Chevrolet','Waterproofing & Caulking','3202062','3:35 AM','11:28 PM',8),(685,'Ford','Plumbing & Medical Gas','7881711','7:43 AM','4:53 PM',10),(686,'Subaru','Electrical','11057918','4:33 AM','4:20 PM',4),(687,'Pontiac','Framing (Wood)','6313640','11:58 AM','9:27 AM',9),(688,'Jaguar','Elevator','4635149','10:13 AM','12:42 AM',9),(689,'Ford','Painting & Vinyl Wall Covering','12719031','12:21 PM','1:46 AM',5),(690,'Cadillac','Ornamental Railings','9651287','3:00 AM','11:43 PM',4),(691,'Volkswagen','Asphalt Paving','9925346','9:59 PM','12:07 AM',4),(692,'Daewoo','Drilled Shafts','5694949','12:53 PM','1:43 PM',8),(693,'Smart','Ornamental Railings','3222609','7:51 AM','11:46 PM',5),(694,'Lexus','Electrical and Fire Alarm','8118920','10:04 AM','8:12 PM',10),(695,'Chevrolet','Framing (Wood)','12669126','2:15 PM','1:45 PM',10),(696,'Pontiac','Drywall & Acoustical (FED)','4623192','7:12 PM','1:09 PM',7),(697,'Mitsubishi','Asphalt Paving','868728','12:46 AM','12:50 PM',3),(698,'Ford','Fire Sprinkler System','8210185','8:36 AM','7:23 AM',2),(699,'Chevrolet','Asphalt Paving','8679872','9:01 AM','5:58 AM',7),(700,'Chevrolet','Casework','9270811','5:52 PM','5:04 PM',9);
/*!40000 ALTER TABLE `Motos` ENABLE KEYS */;
UNLOCK TABLES;

--
-- Table structure for table `Superviseur`
--

DROP TABLE IF EXISTS `Superviseur`;
/*!40101 SET @saved_cs_client     = @@character_set_client */;
/*!50503 SET character_set_client = utf8mb4 */;
CREATE TABLE `Superviseur` (
  `id` int unsigned NOT NULL AUTO_INCREMENT,
  `nom` varchar(45) NOT NULL,
  `prenom` varchar(45) NOT NULL,
  `addresse` varchar(45) NOT NULL,
  `tel` int NOT NULL,
  PRIMARY KEY (`id`),
  UNIQUE KEY `id_UNIQUE` (`id`)
) ENGINE=InnoDB AUTO_INCREMENT=11 DEFAULT CHARSET=utf8mb4 COLLATE=utf8mb4_0900_ai_ci;
/*!40101 SET character_set_client = @saved_cs_client */;

--
-- Dumping data for table `Superviseur`
--

LOCK TABLES `Superviseur` WRITE;
/*!40000 ALTER TABLE `Superviseur` DISABLE KEYS */;
INSERT INTO `Superviseur` VALUES (1,'Djalabi','Mahamat','Djari',6690),(2,'Nassir','Ahamat','Walia',63270),(3,'Khassim','Daouda','Moursal',636770),(4,'Bob','Hassane','Paris-congo',636700),(5,'Ousmane','Bako','bololo',666678),(6,'Attahir','Youssouf','Mardjandaffak',662020),(7,'Boukou','Ousamane','Amriguébé',90876),(8,'Oumar','Tori','Goudji',90009),(9,'Marco','Papi','Gardole',90066),(10,'Frederic','Fredi','Walia',99967);
/*!40000 ALTER TABLE `Superviseur` ENABLE KEYS */;
UNLOCK TABLES;
/*!40103 SET TIME_ZONE=@OLD_TIME_ZONE */;

/*!40101 SET SQL_MODE=@OLD_SQL_MODE */;
/*!40014 SET FOREIGN_KEY_CHECKS=@OLD_FOREIGN_KEY_CHECKS */;
/*!40014 SET UNIQUE_CHECKS=@OLD_UNIQUE_CHECKS */;
/*!40101 SET CHARACTER_SET_CLIENT=@OLD_CHARACTER_SET_CLIENT */;
/*!40101 SET CHARACTER_SET_RESULTS=@OLD_CHARACTER_SET_RESULTS */;
/*!40101 SET COLLATION_CONNECTION=@OLD_COLLATION_CONNECTION */;
/*!40111 SET SQL_NOTES=@OLD_SQL_NOTES */;

-- Dump completed on 2022-01-11 16:25:12
